Load
time,P,Q
2014-01-01 00:00:00,47.5,15.612494995995995
2014-01-01 00:01:00,47.5,15.612494995995995
2014-01-01 00:02:00,47.5,15.612494995995995
2014-01-01 00:03:00,47.5,15.612494995995995
2014-01-01 00:04:00,47.5,15.612494995995995
2014-01-01 00:05:00,47.5,15.612494995995995
2014-01-01 00:06:00,47.5,15.612494995995995
2014-01-01 00:07:00,47.5,15.612494995995995
2014-01-01 00:08:00,47.5,15.612494995995995
2014-01-01 00:09:00,47.5,15.612494995995995
2014-01-01 00:10:00,47.5,15.612494995995995
2014-01-01 00:11:00,47.5,15.612494995995995
2014-01-01 00:12:00,47.5,15.612494995995995
2014-01-01 00:13:00,47.5,15.612494995995995
2014-01-01 00:14:00,47.5,15.612494995995995
2014-01-01 00:15:00,47.5,15.612494995995995
2014-01-01 00:16:00,47.5,15.612494995995995
2014-01-01 00:17:00,47.5,15.612494995995995
2014-01-01 00:18:00,47.5,15.612494995995995
2014-01-01 00:19:00,47.5,15.612494995995995
2014-01-01 00:20:00,47.5,15.612494995995995
2014-01-01 00:21:00,47.5,15.612494995995995
2014-01-01 00:22:00,47.5,15.612494995995995
2014-01-01 00:23:00,47.5,15.612494995995995
2014-01-01 00:24:00,47.5,15.612494995995995
2014-01-01 00:25:00,47.5,15.612494995995995
2014-01-01 00:26:00,47.5,15.612494995995995
2014-01-01 00:27:00,47.5,15.612494995995995
2014-01-01 00:28:00,47.5,15.612494995995995
2014-01-01 00:29:00,47.5,15.612494995995995
2014-01-01 00:30:00,47.5,15.612494995995995
2014-01-01 00:31:00,47.5,15.612494995995995
2014-01-01 00:32:00,47.5,15.612494995995995
2014-01-01 00:33:00,47.5,15.612494995995995
2014-01-01 00:34:00,47.5,15.612494995995995
2014-01-01 00:35:00,47.5,15.612494995995995
2014-01-01 00:36:00,47.5,15.612494995995995
2014-01-01 00:37:00,47.5,15.612494995995995
2014-01-01 00:38:00,47.5,15.612494995995995
2014-01-01 00:39:00,47.5,15.612494995995995
2014-01-01 00:40:00,47.5,15.612494995995995
2014-01-01 00:41:00,47.5,15.612494995995995
2014-01-01 00:42:00,47.5,15.612494995995995
2014-01-01 00:43:00,47.5,15.612494995995995
2014-01-01 00:44:00,47.5,15.612494995995995
2014-01-01 00:45:00,47.5,15.612494995995995
2014-01-01 00:46:00,47.5,15.612494995995995
2014-01-01 00:47:00,47.5,15.612494995995995
2014-01-01 00:48:00,47.5,15.612494995995995
2014-01-01 00:49:00,47.5,15.612494995995995
2014-01-01 00:50:00,47.5,15.612494995995995
2014-01-01 00:51:00,47.5,15.612494995995995
2014-01-01 00:52:00,47.5,15.612494995995995
2014-01-01 00:53:00,47.5,15.612494995995995
2014-01-01 00:54:00,47.5,15.612494995995995
2014-01-01 00:55:00,47.5,15.612494995995995
2014-01-01 00:56:00,47.5,15.612494995995995
2014-01-01 00:57:00,47.5,15.612494995995995
2014-01-01 00:58:00,47.5,15.612494995995995
2014-01-01 00:59:00,47.5,15.612494995995995
2014-01-01 01:00:00,47.5,15.612494995995995
2014-01-01 01:01:00,47.5,15.612494995995995
2014-01-01 01:02:00,47.5,15.612494995995995
2014-01-01 01:03:00,47.5,15.612494995995995
2014-01-01 01:04:00,47.5,15.612494995995995
2014-01-01 01:05:00,47.5,15.612494995995995
2014-01-01 01:06:00,47.5,15.612494995995995
2014-01-01 01:07:00,47.5,15.612494995995995
2014-01-01 01:08:00,47.5,15.612494995995995
2014-01-01 01:09:00,47.5,15.612494995995995
2014-01-01 01:10:00,47.5,15.612494995995995
2014-01-01 01:11:00,47.5,15.612494995995995
2014-01-01 01:12:00,47.5,15.612494995995995
2014-01-01 01:13:00,47.5,15.612494995995995
2014-01-01 01:14:00,47.5,15.612494995995995
2014-01-01 01:15:00,228.0,74.93997598078077
2014-01-01 01:16:00,228.0,74.93997598078077
2014-01-01 01:17:00,228.0,74.93997598078077
2014-01-01 01:18:00,228.0,74.93997598078077
2014-01-01 01:19:00,228.0,74.93997598078077
2014-01-01 01:20:00,228.0,74.93997598078077
2014-01-01 01:21:00,228.0,74.93997598078077
2014-01-01 01:22:00,228.0,74.93997598078077
2014-01-01 01:23:00,228.0,74.93997598078077
2014-01-01 01:24:00,228.0,74.93997598078077
2014-01-01 01:25:00,228.0,74.93997598078077
2014-01-01 01:26:00,228.0,74.93997598078077
2014-01-01 01:27:00,228.0,74.93997598078077
2014-01-01 01:28:00,228.0,74.93997598078077
2014-01-01 01:29:00,228.0,74.93997598078077
2014-01-01 01:30:00,228.0,74.93997598078077
2014-01-01 01:31:00,228.0,74.93997598078077
2014-01-01 01:32:00,228.0,74.93997598078077
2014-01-01 01:33:00,228.0,74.93997598078077
2014-01-01 01:34:00,228.0,74.93997598078077
2014-01-01 01:35:00,228.0,74.93997598078077
2014-01-01 01:36:00,228.0,74.93997598078077
2014-01-01 01:37:00,47.5,15.612494995995995
2014-01-01 01:38:00,47.5,15.612494995995995
2014-01-01 01:39:00,47.5,15.612494995995995
2014-01-01 01:40:00,47.5,15.612494995995995
2014-01-01 01:41:00,47.5,15.612494995995995
2014-01-01 01:42:00,47.5,15.612494995995995
2014-01-01 01:43:00,47.5,15.612494995995995
2014-01-01 01:44:00,47.5,15.612494995995995
2014-01-01 01:45:00,47.5,15.612494995995995
2014-01-01 01:46:00,47.5,15.612494995995995
2014-01-01 01:47:00,47.5,15.612494995995995
2014-01-01 01:48:00,47.5,15.612494995995995
2014-01-01 01:49:00,47.5,15.612494995995995
2014-01-01 01:50:00,47.5,15.612494995995995
2014-01-01 01:51:00,47.5,15.612494995995995
2014-01-01 01:52:00,47.5,15.612494995995995
2014-01-01 01:53:00,47.5,15.612494995995995
2014-01-01 01:54:00,47.5,15.612494995995995
2014-01-01 01:55:00,47.5,15.612494995995995
2014-01-01 01:56:00,47.5,15.612494995995995
2014-01-01 01:57:00,47.5,15.612494995995995
2014-01-01 01:58:00,47.5,15.612494995995995
2014-01-01 01:59:00,47.5,15.612494995995995
2014-01-01 02:00:00,47.5,15.612494995995995
2014-01-01 02:01:00,47.5,15.612494995995995
2014-01-01 02:02:00,47.5,15.612494995995995
2014-01-01 02:03:00,47.5,15.612494995995995
2014-01-01 02:04:00,47.5,15.612494995995995
2014-01-01 02:05:00,47.5,15.612494995995995
2014-01-01 02:06:00,47.5,15.612494995995995
2014-01-01 02:07:00,47.5,15.612494995995995
2014-01-01 02:08:00,47.5,15.612494995995995
2014-01-01 02:09:00,47.5,15.612494995995995
2014-01-01 02:10:00,47.5,15.612494995995995
2014-01-01 02:11:00,47.5,15.612494995995995
2014-01-01 02:12:00,47.5,15.612494995995995
2014-01-01 02:13:00,47.5,15.612494995995995
2014-01-01 02:14:00,47.5,15.612494995995995
2014-01-01 02:15:00,47.5,15.612494995995995
2014-01-01 02:16:00,47.5,15.612494995995995
2014-01-01 02:17:00,47.5,15.612494995995995
2014-01-01 02:18:00,47.5,15.612494995995995
2014-01-01 02:19:00,47.5,15.612494995995995
2014-01-01 02:20:00,47.5,15.612494995995995
2014-01-01 02:21:00,47.5,15.612494995995995
2014-01-01 02:22:00,47.5,15.612494995995995
2014-01-01 02:23:00,47.5,15.612494995995995
2014-01-01 02:24:00,47.5,15.612494995995995
2014-01-01 02:25:00,47.5,15.612494995995995
2014-01-01 02:26:00,47.5,15.612494995995995
2014-01-01 02:27:00,47.5,15.612494995995995
2014-01-01 02:28:00,47.5,15.612494995995995
2014-01-01 02:29:00,47.5,15.612494995995995
2014-01-01 02:30:00,47.5,15.612494995995995
2014-01-01 02:31:00,47.5,15.612494995995995
2014-01-01 02:32:00,47.5,15.612494995995995
2014-01-01 02:33:00,47.5,15.612494995995995
2014-01-01 02:34:00,47.5,15.612494995995995
2014-01-01 02:35:00,47.5,15.612494995995995
2014-01-01 02:36:00,47.5,15.612494995995995
2014-01-01 02:37:00,47.5,15.612494995995995
2014-01-01 02:38:00,47.5,15.612494995995995
2014-01-01 02:39:00,47.5,15.612494995995995
2014-01-01 02:40:00,47.5,15.612494995995995
2014-01-01 02:41:00,47.5,15.612494995995995
2014-01-01 02:42:00,47.5,15.612494995995995
2014-01-01 02:43:00,47.5,15.612494995995995
2014-01-01 02:44:00,47.5,15.612494995995995
2014-01-01 02:45:00,47.5,15.612494995995995
2014-01-01 02:46:00,47.5,15.612494995995995
2014-01-01 02:47:00,47.5,15.612494995995995
2014-01-01 02:48:00,47.5,15.612494995995995
2014-01-01 02:49:00,47.5,15.612494995995995
2014-01-01 02:50:00,47.5,15.612494995995995
2014-01-01 02:51:00,47.5,15.612494995995995
2014-01-01 02:52:00,47.5,15.612494995995995
2014-01-01 02:53:00,47.5,15.612494995995995
2014-01-01 02:54:00,47.5,15.612494995995995
2014-01-01 02:55:00,47.5,15.612494995995995
2014-01-01 02:56:00,47.5,15.612494995995995
2014-01-01 02:57:00,47.5,15.612494995995995
2014-01-01 02:58:00,47.5,15.612494995995995
2014-01-01 02:59:00,47.5,15.612494995995995
2014-01-01 03:00:00,47.5,15.612494995995995
2014-01-01 03:01:00,47.5,15.612494995995995
2014-01-01 03:02:00,47.5,15.612494995995995
2014-01-01 03:03:00,47.5,15.612494995995995
2014-01-01 03:04:00,47.5,15.612494995995995
2014-01-01 03:05:00,47.5,15.612494995995995
2014-01-01 03:06:00,47.5,15.612494995995995
2014-01-01 03:07:00,47.5,15.612494995995995
2014-01-01 03:08:00,47.5,15.612494995995995
2014-01-01 03:09:00,47.5,15.612494995995995
2014-01-01 03:10:00,47.5,15.612494995995995
2014-01-01 03:11:00,47.5,15.612494995995995
2014-01-01 03:12:00,47.5,15.612494995995995
2014-01-01 03:13:00,47.5,15.612494995995995
2014-01-01 03:14:00,47.5,15.612494995995995
2014-01-01 03:15:00,47.5,15.612494995995995
2014-01-01 03:16:00,47.5,15.612494995995995
2014-01-01 03:17:00,47.5,15.612494995995995
2014-01-01 03:18:00,47.5,15.612494995995995
2014-01-01 03:19:00,47.5,15.612494995995995
2014-01-01 03:20:00,47.5,15.612494995995995
2014-01-01 03:21:00,228.0,74.93997598078077
2014-01-01 03:22:00,228.0,74.93997598078077
2014-01-01 03:23:00,228.0,74.93997598078077
2014-01-01 03:24:00,228.0,74.93997598078077
2014-01-01 03:25:00,228.0,74.93997598078077
2014-01-01 03:26:00,228.0,74.93997598078077
2014-01-01 03:27:00,228.0,74.93997598078077
2014-01-01 03:28:00,228.0,74.93997598078077
2014-01-01 03:29:00,228.0,74.93997598078077
2014-01-01 03:30:00,228.0,74.93997598078077
2014-01-01 03:31:00,228.0,74.93997598078077
2014-01-01 03:32:00,228.0,74.93997598078077
2014-01-01 03:33:00,228.0,74.93997598078077
2014-01-01 03:34:00,228.0,74.93997598078077
2014-01-01 03:35:00,228.0,74.93997598078077
2014-01-01 03:36:00,228.0,74.93997598078077
2014-01-01 03:37:00,228.0,74.93997598078077
2014-01-01 03:38:00,228.0,74.93997598078077
2014-01-01 03:39:00,228.0,74.93997598078077
2014-01-01 03:40:00,228.0,74.93997598078077
2014-01-01 03:41:00,228.0,74.93997598078077
2014-01-01 03:42:00,228.0,74.93997598078077
2014-01-01 03:43:00,47.5,15.612494995995995
2014-01-01 03:44:00,47.5,15.612494995995995
2014-01-01 03:45:00,47.5,15.612494995995995
2014-01-01 03:46:00,47.5,15.612494995995995
2014-01-01 03:47:00,47.5,15.612494995995995
2014-01-01 03:48:00,47.5,15.612494995995995
2014-01-01 03:49:00,47.5,15.612494995995995
2014-01-01 03:50:00,47.5,15.612494995995995
2014-01-01 03:51:00,47.5,15.612494995995995
2014-01-01 03:52:00,47.5,15.612494995995995
2014-01-01 03:53:00,47.5,15.612494995995995
2014-01-01 03:54:00,47.5,15.612494995995995
2014-01-01 03:55:00,47.5,15.612494995995995
2014-01-01 03:56:00,47.5,15.612494995995995
2014-01-01 03:57:00,47.5,15.612494995995995
2014-01-01 03:58:00,47.5,15.612494995995995
2014-01-01 03:59:00,47.5,15.612494995995995
2014-01-01 04:00:00,47.5,15.612494995995995
2014-01-01 04:01:00,47.5,15.612494995995995
2014-01-01 04:02:00,47.5,15.612494995995995
2014-01-01 04:03:00,47.5,15.612494995995995
2014-01-01 04:04:00,47.5,15.612494995995995
2014-01-01 04:05:00,47.5,15.612494995995995
2014-01-01 04:06:00,47.5,15.612494995995995
2014-01-01 04:07:00,47.5,15.612494995995995
2014-01-01 04:08:00,47.5,15.612494995995995
2014-01-01 04:09:00,47.5,15.612494995995995
2014-01-01 04:10:00,47.5,15.612494995995995
2014-01-01 04:11:00,47.5,15.612494995995995
2014-01-01 04:12:00,47.5,15.612494995995995
2014-01-01 04:13:00,47.5,15.612494995995995
2014-01-01 04:14:00,47.5,15.612494995995995
2014-01-01 04:15:00,47.5,15.612494995995995
2014-01-01 04:16:00,47.5,15.612494995995995
2014-01-01 04:17:00,47.5,15.612494995995995
2014-01-01 04:18:00,47.5,15.612494995995995
2014-01-01 04:19:00,47.5,15.612494995995995
2014-01-01 04:20:00,47.5,15.612494995995995
2014-01-01 04:21:00,47.5,15.612494995995995
2014-01-01 04:22:00,47.5,15.612494995995995
2014-01-01 04:23:00,47.5,15.612494995995995
2014-01-01 04:24:00,47.5,15.612494995995995
2014-01-01 04:25:00,47.5,15.612494995995995
2014-01-01 04:26:00,47.5,15.612494995995995
2014-01-01 04:27:00,47.5,15.612494995995995
2014-01-01 04:28:00,47.5,15.612494995995995
2014-01-01 04:29:00,228.0,74.93997598078077
2014-01-01 04:30:00,228.0,74.93997598078077
2014-01-01 04:31:00,228.0,74.93997598078077
2014-01-01 04:32:00,228.0,74.93997598078077
2014-01-01 04:33:00,228.0,74.93997598078077
2014-01-01 04:34:00,228.0,74.93997598078077
2014-01-01 04:35:00,228.0,74.93997598078077
2014-01-01 04:36:00,228.0,74.93997598078077
2014-01-01 04:37:00,228.0,74.93997598078077
2014-01-01 04:38:00,228.0,74.93997598078077
2014-01-01 04:39:00,228.0,74.93997598078077
2014-01-01 04:40:00,228.0,74.93997598078077
2014-01-01 04:41:00,228.0,74.93997598078077
2014-01-01 04:42:00,228.0,74.93997598078077
2014-01-01 04:43:00,228.0,74.93997598078077
2014-01-01 04:44:00,228.0,74.93997598078077
2014-01-01 04:45:00,228.0,74.93997598078077
2014-01-01 04:46:00,228.0,74.93997598078077
2014-01-01 04:47:00,228.0,74.93997598078077
2014-01-01 04:48:00,228.0,74.93997598078077
2014-01-01 04:49:00,228.0,74.93997598078077
2014-01-01 04:50:00,228.0,74.93997598078077
2014-01-01 04:51:00,47.5,15.612494995995995
2014-01-01 04:52:00,47.5,15.612494995995995
2014-01-01 04:53:00,47.5,15.612494995995995
2014-01-01 04:54:00,47.5,15.612494995995995
2014-01-01 04:55:00,47.5,15.612494995995995
2014-01-01 04:56:00,47.5,15.612494995995995
2014-01-01 04:57:00,47.5,15.612494995995995
2014-01-01 04:58:00,47.5,15.612494995995995
2014-01-01 04:59:00,47.5,15.612494995995995
2014-01-01 05:00:00,47.5,15.612494995995995
2014-01-01 05:01:00,47.5,15.612494995995995
2014-01-01 05:02:00,47.5,15.612494995995995
2014-01-01 05:03:00,47.5,15.612494995995995
2014-01-01 05:04:00,47.5,15.612494995995995
2014-01-01 05:05:00,47.5,15.612494995995995
2014-01-01 05:06:00,47.5,15.612494995995995
2014-01-01 05:07:00,47.5,15.612494995995995
2014-01-01 05:08:00,47.5,15.612494995995995
2014-01-01 05:09:00,47.5,15.612494995995995
2014-01-01 05:10:00,47.5,15.612494995995995
2014-01-01 05:11:00,47.5,15.612494995995995
2014-01-01 05:12:00,47.5,15.612494995995995
2014-01-01 05:13:00,47.5,15.612494995995995
2014-01-01 05:14:00,47.5,15.612494995995995
2014-01-01 05:15:00,47.5,15.612494995995995
2014-01-01 05:16:00,47.5,15.612494995995995
2014-01-01 05:17:00,47.5,15.612494995995995
2014-01-01 05:18:00,47.5,15.612494995995995
2014-01-01 05:19:00,47.5,15.612494995995995
2014-01-01 05:20:00,47.5,15.612494995995995
2014-01-01 05:21:00,47.5,15.612494995995995
2014-01-01 05:22:00,47.5,15.612494995995995
2014-01-01 05:23:00,47.5,15.612494995995995
2014-01-01 05:24:00,47.5,15.612494995995995
2014-01-01 05:25:00,47.5,15.612494995995995
2014-01-01 05:26:00,47.5,15.612494995995995
2014-01-01 05:27:00,47.5,15.612494995995995
2014-01-01 05:28:00,47.5,15.612494995995995
2014-01-01 05:29:00,47.5,15.612494995995995
2014-01-01 05:30:00,47.5,15.612494995995995
2014-01-01 05:31:00,47.5,15.612494995995995
2014-01-01 05:32:00,47.5,15.612494995995995
2014-01-01 05:33:00,47.5,15.612494995995995
2014-01-01 05:34:00,47.5,15.612494995995995
2014-01-01 05:35:00,47.5,15.612494995995995
2014-01-01 05:36:00,47.5,15.612494995995995
2014-01-01 05:37:00,47.5,15.612494995995995
2014-01-01 05:38:00,47.5,15.612494995995995
2014-01-01 05:39:00,47.5,15.612494995995995
2014-01-01 05:40:00,47.5,15.612494995995995
2014-01-01 05:41:00,47.5,15.612494995995995
2014-01-01 05:42:00,47.5,15.612494995995995
2014-01-01 05:43:00,47.5,15.612494995995995
2014-01-01 05:44:00,47.5,15.612494995995995
2014-01-01 05:45:00,47.5,15.612494995995995
2014-01-01 05:46:00,47.5,15.612494995995995
2014-01-01 05:47:00,47.5,15.612494995995995
2014-01-01 05:48:00,47.5,15.612494995995995
2014-01-01 05:49:00,47.5,15.612494995995995
2014-01-01 05:50:00,47.5,15.612494995995995
2014-01-01 05:51:00,47.5,15.612494995995995
2014-01-01 05:52:00,47.5,15.612494995995995
2014-01-01 05:53:00,47.5,15.612494995995995
2014-01-01 05:54:00,47.5,15.612494995995995
2014-01-01 05:55:00,47.5,15.612494995995995
2014-01-01 05:56:00,47.5,15.612494995995995
2014-01-01 05:57:00,47.5,15.612494995995995
2014-01-01 05:58:00,47.5,15.612494995995995
2014-01-01 05:59:00,47.5,15.612494995995995
2014-01-01 06:00:00,47.5,15.612494995995995
2014-01-01 06:01:00,47.5,15.612494995995995
2014-01-01 06:02:00,47.5,15.612494995995995
2014-01-01 06:03:00,47.5,15.612494995995995
2014-01-01 06:04:00,47.5,15.612494995995995
2014-01-01 06:05:00,47.5,15.612494995995995
2014-01-01 06:06:00,47.5,15.612494995995995
2014-01-01 06:07:00,47.5,15.612494995995995
2014-01-01 06:08:00,47.5,15.612494995995995
2014-01-01 06:09:00,47.5,15.612494995995995
2014-01-01 06:10:00,47.5,15.612494995995995
2014-01-01 06:11:00,47.5,15.612494995995995
2014-01-01 06:12:00,47.5,15.612494995995995
2014-01-01 06:13:00,47.5,15.612494995995995
2014-01-01 06:14:00,47.5,15.612494995995995
2014-01-01 06:15:00,47.5,15.612494995995995
2014-01-01 06:16:00,47.5,15.612494995995995
2014-01-01 06:17:00,47.5,15.612494995995995
2014-01-01 06:18:00,47.5,15.612494995995995
2014-01-01 06:19:00,47.5,15.612494995995995
2014-01-01 06:20:00,47.5,15.612494995995995
2014-01-01 06:21:00,47.5,15.612494995995995
2014-01-01 06:22:00,47.5,15.612494995995995
2014-01-01 06:23:00,47.5,15.612494995995995
2014-01-01 06:24:00,47.5,15.612494995995995
2014-01-01 06:25:00,47.5,15.612494995995995
2014-01-01 06:26:00,47.5,15.612494995995995
2014-01-01 06:27:00,47.5,15.612494995995995
2014-01-01 06:28:00,47.5,15.612494995995995
2014-01-01 06:29:00,47.5,15.612494995995995
2014-01-01 06:30:00,47.5,15.612494995995995
2014-01-01 06:31:00,47.5,15.612494995995995
2014-01-01 06:32:00,47.5,15.612494995995995
2014-01-01 06:33:00,47.5,15.612494995995995
2014-01-01 06:34:00,47.5,15.612494995995995
2014-01-01 06:35:00,47.5,15.612494995995995
2014-01-01 06:36:00,47.5,15.612494995995995
2014-01-01 06:37:00,47.5,15.612494995995995
2014-01-01 06:38:00,47.5,15.612494995995995
2014-01-01 06:39:00,47.5,15.612494995995995
2014-01-01 06:40:00,47.5,15.612494995995995
2014-01-01 06:41:00,47.5,15.612494995995995
2014-01-01 06:42:00,47.5,15.612494995995995
2014-01-01 06:43:00,47.5,15.612494995995995
2014-01-01 06:44:00,47.5,15.612494995995995
2014-01-01 06:45:00,47.5,15.612494995995995
2014-01-01 06:46:00,47.5,15.612494995995995
2014-01-01 06:47:00,47.5,15.612494995995995
2014-01-01 06:48:00,47.5,15.612494995995995
2014-01-01 06:49:00,47.5,15.612494995995995
2014-01-01 06:50:00,47.5,15.612494995995995
2014-01-01 06:51:00,47.5,15.612494995995995
2014-01-01 06:52:00,47.5,15.612494995995995
2014-01-01 06:53:00,47.5,15.612494995995995
2014-01-01 06:54:00,47.5,15.612494995995995
2014-01-01 06:55:00,47.5,15.612494995995995
2014-01-01 06:56:00,47.5,15.612494995995995
2014-01-01 06:57:00,47.5,15.612494995995995
2014-01-01 06:58:00,47.5,15.612494995995995
2014-01-01 06:59:00,47.5,15.612494995995995
2014-01-01 07:00:00,47.5,15.612494995995995
2014-01-01 07:01:00,47.5,15.612494995995995
2014-01-01 07:02:00,47.5,15.612494995995995
2014-01-01 07:03:00,47.5,15.612494995995995
2014-01-01 07:04:00,47.5,15.612494995995995
2014-01-01 07:05:00,47.5,15.612494995995995
2014-01-01 07:06:00,47.5,15.612494995995995
2014-01-01 07:07:00,47.5,15.612494995995995
2014-01-01 07:08:00,47.5,15.612494995995995
2014-01-01 07:09:00,228.0,74.93997598078077
2014-01-01 07:10:00,228.0,74.93997598078077
2014-01-01 07:11:00,228.0,74.93997598078077
2014-01-01 07:12:00,228.0,74.93997598078077
2014-01-01 07:13:00,228.0,74.93997598078077
2014-01-01 07:14:00,228.0,74.93997598078077
2014-01-01 07:15:00,228.0,74.93997598078077
2014-01-01 07:16:00,228.0,74.93997598078077
2014-01-01 07:17:00,228.0,74.93997598078077
2014-01-01 07:18:00,228.0,74.93997598078077
2014-01-01 07:19:00,228.0,74.93997598078077
2014-01-01 07:20:00,228.0,74.93997598078077
2014-01-01 07:21:00,228.0,74.93997598078077
2014-01-01 07:22:00,228.0,74.93997598078077
2014-01-01 07:23:00,228.0,74.93997598078077
2014-01-01 07:24:00,228.0,74.93997598078077
2014-01-01 07:25:00,228.0,74.93997598078077
2014-01-01 07:26:00,228.0,74.93997598078077
2014-01-01 07:27:00,228.0,74.93997598078077
2014-01-01 07:28:00,228.0,74.93997598078077
2014-01-01 07:29:00,228.0,74.93997598078077
2014-01-01 07:30:00,228.0,74.93997598078077
2014-01-01 07:31:00,47.5,15.612494995995995
2014-01-01 07:32:00,47.5,15.612494995995995
2014-01-01 07:33:00,47.5,15.612494995995995
2014-01-01 07:34:00,47.5,15.612494995995995
2014-01-01 07:35:00,47.5,15.612494995995995
2014-01-01 07:36:00,47.5,15.612494995995995
2014-01-01 07:37:00,47.5,15.612494995995995
2014-01-01 07:38:00,47.5,15.612494995995995
2014-01-01 07:39:00,47.5,15.612494995995995
2014-01-01 07:40:00,47.5,15.612494995995995
2014-01-01 07:41:00,47.5,15.612494995995995
2014-01-01 07:42:00,47.5,15.612494995995995
2014-01-01 07:43:00,47.5,15.612494995995995
2014-01-01 07:44:00,47.5,15.612494995995995
2014-01-01 07:45:00,47.5,15.612494995995995
2014-01-01 07:46:00,47.5,15.612494995995995
2014-01-01 07:47:00,47.5,15.612494995995995
2014-01-01 07:48:00,47.5,15.612494995995995
2014-01-01 07:49:00,47.5,15.612494995995995
2014-01-01 07:50:00,47.5,15.612494995995995
2014-01-01 07:51:00,47.5,15.612494995995995
2014-01-01 07:52:00,47.5,15.612494995995995
2014-01-01 07:53:00,47.5,15.612494995995995
2014-01-01 07:54:00,47.5,15.612494995995995
2014-01-01 07:55:00,47.5,15.612494995995995
2014-01-01 07:56:00,47.5,15.612494995995995
2014-01-01 07:57:00,47.5,15.612494995995995
2014-01-01 07:58:00,47.5,15.612494995995995
2014-01-01 07:59:00,47.5,15.612494995995995
2014-01-01 08:00:00,47.5,15.612494995995995
2014-01-01 08:01:00,47.5,15.612494995995995
2014-01-01 08:02:00,47.5,15.612494995995995
2014-01-01 08:03:00,47.5,15.612494995995995
2014-01-01 08:04:00,47.5,15.612494995995995
2014-01-01 08:05:00,47.5,15.612494995995995
2014-01-01 08:06:00,47.5,15.612494995995995
2014-01-01 08:07:00,47.5,15.612494995995995
2014-01-01 08:08:00,47.5,15.612494995995995
2014-01-01 08:09:00,47.5,15.612494995995995
2014-01-01 08:10:00,47.5,15.612494995995995
2014-01-01 08:11:00,47.5,15.612494995995995
2014-01-01 08:12:00,47.5,15.612494995995995
2014-01-01 08:13:00,47.5,15.612494995995995
2014-01-01 08:14:00,47.5,15.612494995995995
2014-01-01 08:15:00,47.5,15.612494995995995
2014-01-01 08:16:00,47.5,15.612494995995995
2014-01-01 08:17:00,47.5,15.612494995995995
2014-01-01 08:18:00,47.5,15.612494995995995
2014-01-01 08:19:00,47.5,15.612494995995995
2014-01-01 08:20:00,47.5,15.612494995995995
2014-01-01 08:21:00,47.5,15.612494995995995
2014-01-01 08:22:00,47.5,15.612494995995995
2014-01-01 08:23:00,47.5,15.612494995995995
2014-01-01 08:24:00,47.5,15.612494995995995
2014-01-01 08:25:00,47.5,15.612494995995995
2014-01-01 08:26:00,47.5,15.612494995995995
2014-01-01 08:27:00,47.5,15.612494995995995
2014-01-01 08:28:00,47.5,15.612494995995995
2014-01-01 08:29:00,47.5,15.612494995995995
2014-01-01 08:30:00,47.5,15.612494995995995
2014-01-01 08:31:00,47.5,15.612494995995995
2014-01-01 08:32:00,47.5,15.612494995995995
2014-01-01 08:33:00,47.5,15.612494995995995
2014-01-01 08:34:00,47.5,15.612494995995995
2014-01-01 08:35:00,228.0,74.93997598078077
2014-01-01 08:36:00,228.0,74.93997598078077
2014-01-01 08:37:00,228.0,74.93997598078077
2014-01-01 08:38:00,228.0,74.93997598078077
2014-01-01 08:39:00,228.0,74.93997598078077
2014-01-01 08:40:00,228.0,74.93997598078077
2014-01-01 08:41:00,228.0,74.93997598078077
2014-01-01 08:42:00,228.0,74.93997598078077
2014-01-01 08:43:00,228.0,74.93997598078077
2014-01-01 08:44:00,228.0,74.93997598078077
2014-01-01 08:45:00,228.0,74.93997598078077
2014-01-01 08:46:00,228.0,74.93997598078077
2014-01-01 08:47:00,228.0,74.93997598078077
2014-01-01 08:48:00,228.0,74.93997598078077
2014-01-01 08:49:00,228.0,74.93997598078077
2014-01-01 08:50:00,228.0,74.93997598078077
2014-01-01 08:51:00,228.0,74.93997598078077
2014-01-01 08:52:00,228.0,74.93997598078077
2014-01-01 08:53:00,228.0,74.93997598078077
2014-01-01 08:54:00,228.0,74.93997598078077
2014-01-01 08:55:00,228.0,74.93997598078077
2014-01-01 08:56:00,228.0,74.93997598078077
2014-01-01 08:57:00,47.5,15.612494995995995
2014-01-01 08:58:00,47.5,15.612494995995995
2014-01-01 08:59:00,47.5,15.612494995995995
2014-01-01 09:00:00,47.5,15.612494995995995
2014-01-01 09:01:00,47.5,15.612494995995995
2014-01-01 09:02:00,47.5,15.612494995995995
2014-01-01 09:03:00,47.5,15.612494995995995
2014-01-01 09:04:00,47.5,15.612494995995995
2014-01-01 09:05:00,47.5,15.612494995995995
2014-01-01 09:06:00,47.5,15.612494995995995
2014-01-01 09:07:00,47.5,15.612494995995995
2014-01-01 09:08:00,47.5,15.612494995995995
2014-01-01 09:09:00,47.5,15.612494995995995
2014-01-01 09:10:00,47.5,15.612494995995995
2014-01-01 09:11:00,47.5,15.612494995995995
2014-01-01 09:12:00,47.5,15.612494995995995
2014-01-01 09:13:00,47.5,15.612494995995995
2014-01-01 09:14:00,47.5,15.612494995995995
2014-01-01 09:15:00,47.5,15.612494995995995
2014-01-01 09:16:00,47.5,15.612494995995995
2014-01-01 09:17:00,47.5,15.612494995995995
2014-01-01 09:18:00,47.5,15.612494995995995
2014-01-01 09:19:00,47.5,15.612494995995995
2014-01-01 09:20:00,47.5,15.612494995995995
2014-01-01 09:21:00,47.5,15.612494995995995
2014-01-01 09:22:00,47.5,15.612494995995995
2014-01-01 09:23:00,47.5,15.612494995995995
2014-01-01 09:24:00,47.5,15.612494995995995
2014-01-01 09:25:00,47.5,15.612494995995995
2014-01-01 09:26:00,47.5,15.612494995995995
2014-01-01 09:27:00,47.5,15.612494995995995
2014-01-01 09:28:00,47.5,15.612494995995995
2014-01-01 09:29:00,47.5,15.612494995995995
2014-01-01 09:30:00,47.5,15.612494995995995
2014-01-01 09:31:00,47.5,15.612494995995995
2014-01-01 09:32:00,47.5,15.612494995995995
2014-01-01 09:33:00,47.5,15.612494995995995
2014-01-01 09:34:00,47.5,15.612494995995995
2014-01-01 09:35:00,47.5,15.612494995995995
2014-01-01 09:36:00,47.5,15.612494995995995
2014-01-01 09:37:00,47.5,15.612494995995995
2014-01-01 09:38:00,47.5,15.612494995995995
2014-01-01 09:39:00,47.5,15.612494995995995
2014-01-01 09:40:00,47.5,15.612494995995995
2014-01-01 09:41:00,47.5,15.612494995995995
2014-01-01 09:42:00,47.5,15.612494995995995
2014-01-01 09:43:00,47.5,15.612494995995995
2014-01-01 09:44:00,47.5,15.612494995995995
2014-01-01 09:45:00,47.5,15.612494995995995
2014-01-01 09:46:00,47.5,15.612494995995995
2014-01-01 09:47:00,47.5,15.612494995995995
2014-01-01 09:48:00,47.5,15.612494995995995
2014-01-01 09:49:00,47.5,15.612494995995995
2014-01-01 09:50:00,47.5,15.612494995995995
2014-01-01 09:51:00,47.5,15.612494995995995
2014-01-01 09:52:00,228.0,74.93997598078077
2014-01-01 09:53:00,228.0,74.93997598078077
2014-01-01 09:54:00,228.0,74.93997598078077
2014-01-01 09:55:00,228.0,74.93997598078077
2014-01-01 09:56:00,228.0,74.93997598078077
2014-01-01 09:57:00,228.0,74.93997598078077
2014-01-01 09:58:00,228.0,74.93997598078077
2014-01-01 09:59:00,228.0,74.93997598078077
2014-01-01 10:00:00,228.0,74.93997598078077
2014-01-01 10:01:00,228.0,74.93997598078077
2014-01-01 10:02:00,228.0,74.93997598078077
2014-01-01 10:03:00,228.0,74.93997598078077
2014-01-01 10:04:00,228.0,74.93997598078077
2014-01-01 10:05:00,228.0,74.93997598078077
2014-01-01 10:06:00,228.0,74.93997598078077
2014-01-01 10:07:00,228.0,74.93997598078077
2014-01-01 10:08:00,228.0,74.93997598078077
2014-01-01 10:09:00,228.0,74.93997598078077
2014-01-01 10:10:00,228.0,74.93997598078077
2014-01-01 10:11:00,228.0,74.93997598078077
2014-01-01 10:12:00,228.0,74.93997598078077
2014-01-01 10:13:00,228.0,74.93997598078077
2014-01-01 10:14:00,47.5,15.612494995995995
2014-01-01 10:15:00,47.5,15.612494995995995
2014-01-01 10:16:00,47.5,15.612494995995995
2014-01-01 10:17:00,47.5,15.612494995995995
2014-01-01 10:18:00,47.5,15.612494995995995
2014-01-01 10:19:00,47.5,15.612494995995995
2014-01-01 10:20:00,47.5,15.612494995995995
2014-01-01 10:21:00,47.5,15.612494995995995
2014-01-01 10:22:00,47.5,15.612494995995995
2014-01-01 10:23:00,47.5,15.612494995995995
2014-01-01 10:24:00,47.5,15.612494995995995
2014-01-01 10:25:00,47.5,15.612494995995995
2014-01-01 10:26:00,47.5,15.612494995995995
2014-01-01 10:27:00,47.5,15.612494995995995
2014-01-01 10:28:00,47.5,15.612494995995995
2014-01-01 10:29:00,47.5,15.612494995995995
2014-01-01 10:30:00,47.5,15.612494995995995
2014-01-01 10:31:00,47.5,15.612494995995995
2014-01-01 10:32:00,47.5,15.612494995995995
2014-01-01 10:33:00,47.5,15.612494995995995
2014-01-01 10:34:00,47.5,15.612494995995995
2014-01-01 10:35:00,47.5,15.612494995995995
2014-01-01 10:36:00,47.5,15.612494995995995
2014-01-01 10:37:00,47.5,15.612494995995995
2014-01-01 10:38:00,47.5,15.612494995995995
2014-01-01 10:39:00,47.5,15.612494995995995
2014-01-01 10:40:00,47.5,15.612494995995995
2014-01-01 10:41:00,47.5,15.612494995995995
2014-01-01 10:42:00,47.5,15.612494995995995
2014-01-01 10:43:00,47.5,15.612494995995995
2014-01-01 10:44:00,47.5,15.612494995995995
2014-01-01 10:45:00,47.5,15.612494995995995
2014-01-01 10:46:00,47.5,15.612494995995995
2014-01-01 10:47:00,47.5,15.612494995995995
2014-01-01 10:48:00,47.5,15.612494995995995
2014-01-01 10:49:00,47.5,15.612494995995995
2014-01-01 10:50:00,47.5,15.612494995995995
2014-01-01 10:51:00,47.5,15.612494995995995
2014-01-01 10:52:00,47.5,15.612494995995995
2014-01-01 10:53:00,47.5,15.612494995995995
2014-01-01 10:54:00,47.5,15.612494995995995
2014-01-01 10:55:00,47.5,15.612494995995995
2014-01-01 10:56:00,47.5,15.612494995995995
2014-01-01 10:57:00,47.5,15.612494995995995
2014-01-01 10:58:00,228.0,74.93997598078077
2014-01-01 10:59:00,228.0,74.93997598078077
2014-01-01 11:00:00,228.0,74.93997598078077
2014-01-01 11:01:00,228.0,74.93997598078077
2014-01-01 11:02:00,228.0,74.93997598078077
2014-01-01 11:03:00,228.0,74.93997598078077
2014-01-01 11:04:00,228.0,74.93997598078077
2014-01-01 11:05:00,228.0,74.93997598078077
2014-01-01 11:06:00,228.0,74.93997598078077
2014-01-01 11:07:00,228.0,74.93997598078077
2014-01-01 11:08:00,228.0,74.93997598078077
2014-01-01 11:09:00,558.6,183.60294115291285
2014-01-01 11:10:00,558.6,183.60294115291285
2014-01-01 11:11:00,558.6,183.60294115291285
2014-01-01 11:12:00,558.6,183.60294115291285
2014-01-01 11:13:00,228.0,74.93997598078077
2014-01-01 11:14:00,228.0,74.93997598078077
2014-01-01 11:15:00,228.0,74.93997598078077
2014-01-01 11:16:00,228.0,74.93997598078077
2014-01-01 11:17:00,228.0,74.93997598078077
2014-01-01 11:18:00,228.0,74.93997598078077
2014-01-01 11:19:00,228.0,74.93997598078077
2014-01-01 11:20:00,47.5,15.612494995995995
2014-01-01 11:21:00,47.5,15.612494995995995
2014-01-01 11:22:00,47.5,15.612494995995995
2014-01-01 11:23:00,47.5,15.612494995995995
2014-01-01 11:24:00,47.5,15.612494995995995
2014-01-01 11:25:00,47.5,15.612494995995995
2014-01-01 11:26:00,47.5,15.612494995995995
2014-01-01 11:27:00,47.5,15.612494995995995
2014-01-01 11:28:00,47.5,15.612494995995995
2014-01-01 11:29:00,47.5,15.612494995995995
2014-01-01 11:30:00,47.5,15.612494995995995
2014-01-01 11:31:00,47.5,15.612494995995995
2014-01-01 11:32:00,47.5,15.612494995995995
2014-01-01 11:33:00,47.5,15.612494995995995
2014-01-01 11:34:00,79.8,26.228991593273275
2014-01-01 11:35:00,79.8,26.228991593273275
2014-01-01 11:36:00,79.8,26.228991593273275
2014-01-01 11:37:00,79.8,26.228991593273275
2014-01-01 11:38:00,79.8,26.228991593273275
2014-01-01 11:39:00,79.8,26.228991593273275
2014-01-01 11:40:00,79.8,26.228991593273275
2014-01-01 11:41:00,79.8,26.228991593273275
2014-01-01 11:42:00,79.8,26.228991593273275
2014-01-01 11:43:00,79.8,26.228991593273275
2014-01-01 11:44:00,79.8,26.228991593273275
2014-01-01 11:45:00,79.8,26.228991593273275
2014-01-01 11:46:00,79.8,26.228991593273275
2014-01-01 11:47:00,79.8,26.228991593273275
2014-01-01 11:48:00,79.8,26.228991593273275
2014-01-01 11:49:00,79.8,26.228991593273275
2014-01-01 11:50:00,79.8,26.228991593273275
2014-01-01 11:51:00,79.8,26.228991593273275
2014-01-01 11:52:00,79.8,26.228991593273275
2014-01-01 11:53:00,79.8,26.228991593273275
2014-01-01 11:54:00,79.8,26.228991593273275
2014-01-01 11:55:00,79.8,26.228991593273275
2014-01-01 11:56:00,79.8,26.228991593273275
2014-01-01 11:57:00,79.8,26.228991593273275
2014-01-01 11:58:00,79.8,26.228991593273275
2014-01-01 11:59:00,79.8,26.228991593273275
2014-01-01 12:00:00,136.79999999999998,44.96398558846853
2014-01-01 12:01:00,136.79999999999998,44.96398558846853
2014-01-01 12:02:00,136.79999999999998,44.96398558846853
2014-01-01 12:03:00,136.79999999999998,44.96398558846853
2014-01-01 12:04:00,317.3,104.29146657325322
2014-01-01 12:05:00,317.3,104.29146657325322
2014-01-01 12:06:00,647.9,212.95443174538545
2014-01-01 12:07:00,647.9,212.95443174538545
2014-01-01 12:08:00,647.9,212.95443174538545
2014-01-01 12:09:00,647.9,212.95443174538545
2014-01-01 12:10:00,317.3,104.29146657325322
2014-01-01 12:11:00,317.3,104.29146657325322
2014-01-01 12:12:00,317.3,104.29146657325322
2014-01-01 12:13:00,317.3,104.29146657325322
2014-01-01 12:14:00,317.3,104.29146657325322
2014-01-01 12:15:00,317.3,104.29146657325322
2014-01-01 12:16:00,317.3,104.29146657325322
2014-01-01 12:17:00,317.3,104.29146657325322
2014-01-01 12:18:00,317.3,104.29146657325322
2014-01-01 12:19:00,317.3,104.29146657325322
2014-01-01 12:20:00,317.3,104.29146657325322
2014-01-01 12:21:00,317.3,104.29146657325322
2014-01-01 12:22:00,317.3,104.29146657325322
2014-01-01 12:23:00,317.3,104.29146657325322
2014-01-01 12:24:00,317.3,104.29146657325322
2014-01-01 12:25:00,317.3,104.29146657325322
2014-01-01 12:26:00,136.79999999999998,44.96398558846853
2014-01-01 12:27:00,136.79999999999998,44.96398558846853
2014-01-01 12:28:00,136.79999999999998,44.96398558846853
2014-01-01 12:29:00,136.79999999999998,44.96398558846853
2014-01-01 12:30:00,136.79999999999998,44.96398558846853
2014-01-01 12:31:00,136.79999999999998,44.96398558846853
2014-01-01 12:32:00,136.79999999999998,44.96398558846853
2014-01-01 12:33:00,136.79999999999998,44.96398558846853
2014-01-01 12:34:00,79.8,26.228991593273275
2014-01-01 12:35:00,79.8,26.228991593273275
2014-01-01 12:36:00,79.8,26.228991593273275
2014-01-01 12:37:00,79.8,26.228991593273275
2014-01-01 12:38:00,79.8,26.228991593273275
2014-01-01 12:39:00,79.8,26.228991593273275
2014-01-01 12:40:00,79.8,26.228991593273275
2014-01-01 12:41:00,79.8,26.228991593273275
2014-01-01 12:42:00,79.8,26.228991593273275
2014-01-01 12:43:00,79.8,26.228991593273275
2014-01-01 12:44:00,79.8,26.228991593273275
2014-01-01 12:45:00,79.8,26.228991593273275
2014-01-01 12:46:00,79.8,26.228991593273275
2014-01-01 12:47:00,47.5,15.612494995995995
2014-01-01 12:48:00,85.5,28.10249099279279
2014-01-01 12:49:00,85.5,28.10249099279279
2014-01-01 12:50:00,85.5,28.10249099279279
2014-01-01 12:51:00,85.5,28.10249099279279
2014-01-01 12:52:00,117.8,38.718987590070064
2014-01-01 12:53:00,117.8,38.718987590070064
2014-01-01 12:54:00,117.8,38.718987590070064
2014-01-01 12:55:00,448.4,147.3819527622023
2014-01-01 12:56:00,448.4,147.3819527622023
2014-01-01 12:57:00,448.4,147.3819527622023
2014-01-01 12:58:00,448.4,147.3819527622023
2014-01-01 12:59:00,79.8,26.228991593273275
2014-01-01 13:00:00,79.8,26.228991593273275
2014-01-01 13:01:00,79.8,26.228991593273275
2014-01-01 13:02:00,79.8,26.228991593273275
2014-01-01 13:03:00,79.8,26.228991593273275
2014-01-01 13:04:00,79.8,26.228991593273275
2014-01-01 13:05:00,92.14999999999999,30.28824029223227
2014-01-01 13:06:00,149.15,49.02323428742739
2014-01-01 13:07:00,149.15,49.02323428742739
2014-01-01 13:08:00,149.15,49.02323428742739
2014-01-01 13:09:00,149.15,49.02323428742739
2014-01-01 13:10:00,1724.25,566.7335683546546
2014-01-01 13:11:00,1724.25,566.7335683546546
2014-01-01 13:12:00,1724.25,566.7335683546546
2014-01-01 13:13:00,1724.25,566.7335683546546
2014-01-01 13:14:00,1724.25,566.7335683546546
2014-01-01 13:15:00,1724.25,566.7335683546546
2014-01-01 13:16:00,1724.25,566.7335683546546
2014-01-01 13:17:00,1724.25,566.7335683546546
2014-01-01 13:18:00,1724.25,566.7335683546546
2014-01-01 13:19:00,1724.25,566.7335683546546
2014-01-01 13:20:00,1724.25,566.7335683546546
2014-01-01 13:21:00,1724.25,566.7335683546546
2014-01-01 13:22:00,1724.25,566.7335683546546
2014-01-01 13:23:00,1724.25,566.7335683546546
2014-01-01 13:24:00,1724.25,566.7335683546546
2014-01-01 13:25:00,1724.25,566.7335683546546
2014-01-01 13:26:00,1724.25,566.7335683546546
2014-01-01 13:27:00,1724.25,566.7335683546546
2014-01-01 13:28:00,1724.25,566.7335683546546
2014-01-01 13:29:00,1724.25,566.7335683546546
2014-01-01 13:30:00,92.14999999999999,30.28824029223227
2014-01-01 13:31:00,92.14999999999999,30.28824029223227
2014-01-01 13:32:00,92.14999999999999,30.28824029223227
2014-01-01 13:33:00,213.75,70.25622748198198
2014-01-01 13:34:00,2167.9,712.5542716172571
2014-01-01 13:35:00,2167.9,712.5542716172571
2014-01-01 13:36:00,2167.9,712.5542716172571
2014-01-01 13:37:00,92.14999999999999,30.28824029223227
2014-01-01 13:38:00,92.14999999999999,30.28824029223227
2014-01-01 13:39:00,92.14999999999999,30.28824029223227
2014-01-01 13:40:00,92.14999999999999,30.28824029223227
2014-01-01 13:41:00,92.14999999999999,30.28824029223227
2014-01-01 13:42:00,92.14999999999999,30.28824029223227
2014-01-01 13:43:00,92.14999999999999,30.28824029223227
2014-01-01 13:44:00,92.14999999999999,30.28824029223227
2014-01-01 13:45:00,92.14999999999999,30.28824029223227
2014-01-01 13:46:00,92.14999999999999,30.28824029223227
2014-01-01 13:47:00,92.14999999999999,30.28824029223227
2014-01-01 13:48:00,92.14999999999999,30.28824029223227
2014-01-01 13:49:00,92.14999999999999,30.28824029223227
2014-01-01 13:50:00,92.14999999999999,30.28824029223227
2014-01-01 13:51:00,92.14999999999999,30.28824029223227
2014-01-01 13:52:00,92.14999999999999,30.28824029223227
2014-01-01 13:53:00,92.14999999999999,30.28824029223227
2014-01-01 13:54:00,92.14999999999999,30.28824029223227
2014-01-01 13:55:00,92.14999999999999,30.28824029223227
2014-01-01 13:56:00,272.65,89.61572127701706
2014-01-01 13:57:00,272.65,89.61572127701706
2014-01-01 13:58:00,272.65,89.61572127701706
2014-01-01 13:59:00,272.65,89.61572127701706
2014-01-01 14:00:00,272.65,89.61572127701706
2014-01-01 14:01:00,272.65,89.61572127701706
2014-01-01 14:02:00,272.65,89.61572127701706
2014-01-01 14:03:00,272.65,89.61572127701706
2014-01-01 14:04:00,272.65,89.61572127701706
2014-01-01 14:05:00,228.0,74.93997598078077
2014-01-01 14:06:00,228.0,74.93997598078077
2014-01-01 14:07:00,228.0,74.93997598078077
2014-01-01 14:08:00,228.0,74.93997598078077
2014-01-01 14:09:00,228.0,74.93997598078077
2014-01-01 14:10:00,228.0,74.93997598078077
2014-01-01 14:11:00,228.0,74.93997598078077
2014-01-01 14:12:00,228.0,74.93997598078077
2014-01-01 14:13:00,228.0,74.93997598078077
2014-01-01 14:14:00,228.0,74.93997598078077
2014-01-01 14:15:00,228.0,74.93997598078077
2014-01-01 14:16:00,228.0,74.93997598078077
2014-01-01 14:17:00,228.0,74.93997598078077
2014-01-01 14:18:00,47.5,15.612494995995995
2014-01-01 14:19:00,2001.6499999999999,657.9105391312715
2014-01-01 14:20:00,2123.25,697.878526321021
2014-01-01 14:21:00,2123.25,697.878526321021
2014-01-01 14:22:00,169.1,55.580482185745765
2014-01-01 14:23:00,169.1,55.580482185745765
2014-01-01 14:24:00,169.1,55.580482185745765
2014-01-01 14:25:00,169.1,55.580482185745765
2014-01-01 14:26:00,169.1,55.580482185745765
2014-01-01 14:27:00,169.1,55.580482185745765
2014-01-01 14:28:00,169.1,55.580482185745765
2014-01-01 14:29:00,169.1,55.580482185745765
2014-01-01 14:30:00,169.1,55.580482185745765
2014-01-01 14:31:00,169.1,55.580482185745765
2014-01-01 14:32:00,169.1,55.580482185745765
2014-01-01 14:33:00,169.1,55.580482185745765
2014-01-01 14:34:00,169.1,55.580482185745765
2014-01-01 14:35:00,169.1,55.580482185745765
2014-01-01 14:36:00,169.1,55.580482185745765
2014-01-01 14:37:00,169.1,55.580482185745765
2014-01-01 14:38:00,169.1,55.580482185745765
2014-01-01 14:39:00,169.1,55.580482185745765
2014-01-01 14:40:00,169.1,55.580482185745765
2014-01-01 14:41:00,169.1,55.580482185745765
2014-01-01 14:42:00,169.1,55.580482185745765
2014-01-01 14:43:00,169.1,55.580482185745765
2014-01-01 14:44:00,264.09999999999997,86.80547217773783
2014-01-01 14:45:00,264.09999999999997,86.80547217773783
2014-01-01 14:46:00,264.09999999999997,86.80547217773783
2014-01-01 14:47:00,264.09999999999997,86.80547217773783
2014-01-01 14:48:00,264.09999999999997,86.80547217773783
2014-01-01 14:49:00,264.09999999999997,86.80547217773783
2014-01-01 14:50:00,264.09999999999997,86.80547217773783
2014-01-01 14:51:00,264.09999999999997,86.80547217773783
2014-01-01 14:52:00,264.09999999999997,86.80547217773783
2014-01-01 14:53:00,264.09999999999997,86.80547217773783
2014-01-01 14:54:00,264.09999999999997,86.80547217773783
2014-01-01 14:55:00,142.5,46.837484987987985
2014-01-01 14:56:00,142.5,46.837484987987985
2014-01-01 14:57:00,142.5,46.837484987987985
2014-01-01 14:58:00,142.5,46.837484987987985
2014-01-01 14:59:00,142.5,46.837484987987985
2014-01-01 15:00:00,142.5,46.837484987987985
2014-01-01 15:01:00,142.5,46.837484987987985
2014-01-01 15:02:00,142.5,46.837484987987985
2014-01-01 15:03:00,47.5,15.612494995995995
2014-01-01 15:04:00,47.5,15.612494995995995
2014-01-01 15:05:00,79.8,26.228991593273275
2014-01-01 15:06:00,79.8,26.228991593273275
2014-01-01 15:07:00,79.8,26.228991593273275
2014-01-01 15:08:00,79.8,26.228991593273275
2014-01-01 15:09:00,79.8,26.228991593273275
2014-01-01 15:10:00,79.8,26.228991593273275
2014-01-01 15:11:00,79.8,26.228991593273275
2014-01-01 15:12:00,79.8,26.228991593273275
2014-01-01 15:13:00,79.8,26.228991593273275
2014-01-01 15:14:00,260.3,85.55647257805799
2014-01-01 15:15:00,260.3,85.55647257805799
2014-01-01 15:16:00,260.3,85.55647257805799
2014-01-01 15:17:00,260.3,85.55647257805799
2014-01-01 15:18:00,260.3,85.55647257805799
2014-01-01 15:19:00,268.84999999999997,88.36672167733745
2014-01-01 15:20:00,268.84999999999997,88.36672167733745
2014-01-01 15:21:00,268.84999999999997,88.36672167733745
2014-01-01 15:22:00,268.84999999999997,88.36672167733745
2014-01-01 15:23:00,268.84999999999997,88.36672167733745
2014-01-01 15:24:00,268.84999999999997,88.36672167733745
2014-01-01 15:25:00,268.84999999999997,88.36672167733745
2014-01-01 15:26:00,281.2,92.42597037629636
2014-01-01 15:27:00,281.2,92.42597037629636
2014-01-01 15:28:00,281.2,92.42597037629636
2014-01-01 15:29:00,281.2,92.42597037629636
2014-01-01 15:30:00,228.0,74.93997598078077
2014-01-01 15:31:00,228.0,74.93997598078077
2014-01-01 15:32:00,228.0,74.93997598078077
2014-01-01 15:33:00,228.0,74.93997598078077
2014-01-01 15:34:00,228.0,74.93997598078077
2014-01-01 15:35:00,228.0,74.93997598078077
2014-01-01 15:36:00,47.5,15.612494995995995
2014-01-01 15:37:00,47.5,15.612494995995995
2014-01-01 15:38:00,47.5,15.612494995995995
2014-01-01 15:39:00,47.5,15.612494995995995
2014-01-01 15:40:00,47.5,15.612494995995995
2014-01-01 15:41:00,47.5,15.612494995995995
2014-01-01 15:42:00,47.5,15.612494995995995
2014-01-01 15:43:00,47.5,15.612494995995995
2014-01-01 15:44:00,47.5,15.612494995995995
2014-01-01 15:45:00,47.5,15.612494995995995
2014-01-01 15:46:00,47.5,15.612494995995995
2014-01-01 15:47:00,47.5,15.612494995995995
2014-01-01 15:48:00,47.5,15.612494995995995
2014-01-01 15:49:00,47.5,15.612494995995995
2014-01-01 15:50:00,47.5,15.612494995995995
2014-01-01 15:51:00,47.5,15.612494995995995
2014-01-01 15:52:00,47.5,15.612494995995995
2014-01-01 15:53:00,47.5,15.612494995995995
2014-01-01 15:54:00,47.5,15.612494995995995
2014-01-01 15:55:00,47.5,15.612494995995995
2014-01-01 15:56:00,47.5,15.612494995995995
2014-01-01 15:57:00,47.5,15.612494995995995
2014-01-01 15:58:00,47.5,15.612494995995995
2014-01-01 15:59:00,47.5,15.612494995995995
2014-01-01 16:00:00,47.5,15.612494995995995
2014-01-01 16:01:00,47.5,15.612494995995995
2014-01-01 16:02:00,47.5,15.612494995995995
2014-01-01 16:03:00,47.5,15.612494995995995
2014-01-01 16:04:00,47.5,15.612494995995995
2014-01-01 16:05:00,47.5,15.612494995995995
2014-01-01 16:06:00,47.5,15.612494995995995
2014-01-01 16:07:00,47.5,15.612494995995995
2014-01-01 16:08:00,47.5,15.612494995995995
2014-01-01 16:09:00,47.5,15.612494995995995
2014-01-01 16:10:00,47.5,15.612494995995995
2014-01-01 16:11:00,47.5,15.612494995995995
2014-01-01 16:12:00,47.5,15.612494995995995
2014-01-01 16:13:00,47.5,15.612494995995995
2014-01-01 16:14:00,47.5,15.612494995995995
2014-01-01 16:15:00,47.5,15.612494995995995
2014-01-01 16:16:00,47.5,15.612494995995995
2014-01-01 16:17:00,47.5,15.612494995995995
2014-01-01 16:18:00,47.5,15.612494995995995
2014-01-01 16:19:00,47.5,15.612494995995995
2014-01-01 16:20:00,47.5,15.612494995995995
2014-01-01 16:21:00,47.5,15.612494995995995
2014-01-01 16:22:00,47.5,15.612494995995995
2014-01-01 16:23:00,47.5,15.612494995995995
2014-01-01 16:24:00,47.5,15.612494995995995
2014-01-01 16:25:00,47.5,15.612494995995995
2014-01-01 16:26:00,47.5,15.612494995995995
2014-01-01 16:27:00,47.5,15.612494995995995
2014-01-01 16:28:00,47.5,15.612494995995995
2014-01-01 16:29:00,47.5,15.612494995995995
2014-01-01 16:30:00,47.5,15.612494995995995
2014-01-01 16:31:00,228.0,74.93997598078077
2014-01-01 16:32:00,228.0,74.93997598078077
2014-01-01 16:33:00,228.0,74.93997598078077
2014-01-01 16:34:00,228.0,74.93997598078077
2014-01-01 16:35:00,228.0,74.93997598078077
2014-01-01 16:36:00,228.0,74.93997598078077
2014-01-01 16:37:00,228.0,74.93997598078077
2014-01-01 16:38:00,228.0,74.93997598078077
2014-01-01 16:39:00,228.0,74.93997598078077
2014-01-01 16:40:00,228.0,74.93997598078077
2014-01-01 16:41:00,228.0,74.93997598078077
2014-01-01 16:42:00,228.0,74.93997598078077
2014-01-01 16:43:00,228.0,74.93997598078077
2014-01-01 16:44:00,228.0,74.93997598078077
2014-01-01 16:45:00,228.0,74.93997598078077
2014-01-01 16:46:00,228.0,74.93997598078077
2014-01-01 16:47:00,228.0,74.93997598078077
2014-01-01 16:48:00,228.0,74.93997598078077
2014-01-01 16:49:00,228.0,74.93997598078077
2014-01-01 16:50:00,228.0,74.93997598078077
2014-01-01 16:51:00,228.0,74.93997598078077
2014-01-01 16:52:00,228.0,74.93997598078077
2014-01-01 16:53:00,47.5,15.612494995995995
2014-01-01 16:54:00,47.5,15.612494995995995
2014-01-01 16:55:00,47.5,15.612494995995995
2014-01-01 16:56:00,47.5,15.612494995995995
2014-01-01 16:57:00,47.5,15.612494995995995
2014-01-01 16:58:00,47.5,15.612494995995995
2014-01-01 16:59:00,47.5,15.612494995995995
2014-01-01 17:00:00,47.5,15.612494995995995
2014-01-01 17:01:00,47.5,15.612494995995995
2014-01-01 17:02:00,47.5,15.612494995995995
2014-01-01 17:03:00,47.5,15.612494995995995
2014-01-01 17:04:00,47.5,15.612494995995995
2014-01-01 17:05:00,47.5,15.612494995995995
2014-01-01 17:06:00,47.5,15.612494995995995
2014-01-01 17:07:00,47.5,15.612494995995995
2014-01-01 17:08:00,47.5,15.612494995995995
2014-01-01 17:09:00,47.5,15.612494995995995
2014-01-01 17:10:00,47.5,15.612494995995995
2014-01-01 17:11:00,47.5,15.612494995995995
2014-01-01 17:12:00,47.5,15.612494995995995
2014-01-01 17:13:00,47.5,15.612494995995995
2014-01-01 17:14:00,47.5,15.612494995995995
2014-01-01 17:15:00,47.5,15.612494995995995
2014-01-01 17:16:00,47.5,15.612494995995995
2014-01-01 17:17:00,47.5,15.612494995995995
2014-01-01 17:18:00,47.5,15.612494995995995
2014-01-01 17:19:00,47.5,15.612494995995995
2014-01-01 17:20:00,47.5,15.612494995995995
2014-01-01 17:21:00,47.5,15.612494995995995
2014-01-01 17:22:00,47.5,15.612494995995995
2014-01-01 17:23:00,47.5,15.612494995995995
2014-01-01 17:24:00,47.5,15.612494995995995
2014-01-01 17:25:00,47.5,15.612494995995995
2014-01-01 17:26:00,47.5,15.612494995995995
2014-01-01 17:27:00,47.5,15.612494995995995
2014-01-01 17:28:00,47.5,15.612494995995995
2014-01-01 17:29:00,47.5,15.612494995995995
2014-01-01 17:30:00,47.5,15.612494995995995
2014-01-01 17:31:00,47.5,15.612494995995995
2014-01-01 17:32:00,47.5,15.612494995995995
2014-01-01 17:33:00,47.5,15.612494995995995
2014-01-01 17:34:00,47.5,15.612494995995995
2014-01-01 17:35:00,47.5,15.612494995995995
2014-01-01 17:36:00,47.5,15.612494995995995
2014-01-01 17:37:00,47.5,15.612494995995995
2014-01-01 17:38:00,47.5,15.612494995995995
2014-01-01 17:39:00,47.5,15.612494995995995
2014-01-01 17:40:00,47.5,15.612494995995995
2014-01-01 17:41:00,47.5,15.612494995995995
2014-01-01 17:42:00,47.5,15.612494995995995
2014-01-01 17:43:00,47.5,15.612494995995995
2014-01-01 17:44:00,47.5,15.612494995995995
2014-01-01 17:45:00,47.5,15.612494995995995
2014-01-01 17:46:00,47.5,15.612494995995995
2014-01-01 17:47:00,47.5,15.612494995995995
2014-01-01 17:48:00,47.5,15.612494995995995
2014-01-01 17:49:00,47.5,15.612494995995995
2014-01-01 17:50:00,47.5,15.612494995995995
2014-01-01 17:51:00,47.5,15.612494995995995
2014-01-01 17:52:00,47.5,15.612494995995995
2014-01-01 17:53:00,47.5,15.612494995995995
2014-01-01 17:54:00,47.5,15.612494995995995
2014-01-01 17:55:00,47.5,15.612494995995995
2014-01-01 17:56:00,47.5,15.612494995995995
2014-01-01 17:57:00,47.5,15.612494995995995
2014-01-01 17:58:00,228.0,74.93997598078077
2014-01-01 17:59:00,228.0,74.93997598078077
2014-01-01 18:00:00,228.0,74.93997598078077
2014-01-01 18:01:00,228.0,74.93997598078077
2014-01-01 18:02:00,228.0,74.93997598078077
2014-01-01 18:03:00,228.0,74.93997598078077
2014-01-01 18:04:00,228.0,74.93997598078077
2014-01-01 18:05:00,228.0,74.93997598078077
2014-01-01 18:06:00,228.0,74.93997598078077
2014-01-01 18:07:00,228.0,74.93997598078077
2014-01-01 18:08:00,228.0,74.93997598078077
2014-01-01 18:09:00,228.0,74.93997598078077
2014-01-01 18:10:00,228.0,74.93997598078077
2014-01-01 18:11:00,228.0,74.93997598078077
2014-01-01 18:12:00,228.0,74.93997598078077
2014-01-01 18:13:00,228.0,74.93997598078077
2014-01-01 18:14:00,228.0,74.93997598078077
2014-01-01 18:15:00,228.0,74.93997598078077
2014-01-01 18:16:00,228.0,74.93997598078077
2014-01-01 18:17:00,228.0,74.93997598078077
2014-01-01 18:18:00,228.0,74.93997598078077
2014-01-01 18:19:00,228.0,74.93997598078077
2014-01-01 18:20:00,47.5,15.612494995995995
2014-01-01 18:21:00,47.5,15.612494995995995
2014-01-01 18:22:00,47.5,15.612494995995995
2014-01-01 18:23:00,47.5,15.612494995995995
2014-01-01 18:24:00,47.5,15.612494995995995
2014-01-01 18:25:00,47.5,15.612494995995995
2014-01-01 18:26:00,47.5,15.612494995995995
2014-01-01 18:27:00,47.5,15.612494995995995
2014-01-01 18:28:00,47.5,15.612494995995995
2014-01-01 18:29:00,47.5,15.612494995995995
2014-01-01 18:30:00,47.5,15.612494995995995
2014-01-01 18:31:00,47.5,15.612494995995995
2014-01-01 18:32:00,47.5,15.612494995995995
2014-01-01 18:33:00,47.5,15.612494995995995
2014-01-01 18:34:00,47.5,15.612494995995995
2014-01-01 18:35:00,47.5,15.612494995995995
2014-01-01 18:36:00,47.5,15.612494995995995
2014-01-01 18:37:00,47.5,15.612494995995995
2014-01-01 18:38:00,47.5,15.612494995995995
2014-01-01 18:39:00,47.5,15.612494995995995
2014-01-01 18:40:00,47.5,15.612494995995995
2014-01-01 18:41:00,47.5,15.612494995995995
2014-01-01 18:42:00,47.5,15.612494995995995
2014-01-01 18:43:00,47.5,15.612494995995995
2014-01-01 18:44:00,47.5,15.612494995995995
2014-01-01 18:45:00,47.5,15.612494995995995
2014-01-01 18:46:00,47.5,15.612494995995995
2014-01-01 18:47:00,47.5,15.612494995995995
2014-01-01 18:48:00,47.5,15.612494995995995
2014-01-01 18:49:00,47.5,15.612494995995995
2014-01-01 18:50:00,47.5,15.612494995995995
2014-01-01 18:51:00,47.5,15.612494995995995
2014-01-01 18:52:00,47.5,15.612494995995995
2014-01-01 18:53:00,47.5,15.612494995995995
2014-01-01 18:54:00,47.5,15.612494995995995
2014-01-01 18:55:00,47.5,15.612494995995995
2014-01-01 18:56:00,47.5,15.612494995995995
2014-01-01 18:57:00,47.5,15.612494995995995
2014-01-01 18:58:00,47.5,15.612494995995995
2014-01-01 18:59:00,47.5,15.612494995995995
2014-01-01 19:00:00,47.5,15.612494995995995
2014-01-01 19:01:00,47.5,15.612494995995995
2014-01-01 19:02:00,47.5,15.612494995995995
2014-01-01 19:03:00,47.5,15.612494995995995
2014-01-01 19:04:00,47.5,15.612494995995995
2014-01-01 19:05:00,47.5,15.612494995995995
2014-01-01 19:06:00,47.5,15.612494995995995
2014-01-01 19:07:00,47.5,15.612494995995995
2014-01-01 19:08:00,47.5,15.612494995995995
2014-01-01 19:09:00,47.5,15.612494995995995
2014-01-01 19:10:00,47.5,15.612494995995995
2014-01-01 19:11:00,228.0,74.93997598078077
2014-01-01 19:12:00,228.0,74.93997598078077
2014-01-01 19:13:00,228.0,74.93997598078077
2014-01-01 19:14:00,228.0,74.93997598078077
2014-01-01 19:15:00,228.0,74.93997598078077
2014-01-01 19:16:00,228.0,74.93997598078077
2014-01-01 19:17:00,228.0,74.93997598078077
2014-01-01 19:18:00,228.0,74.93997598078077
2014-01-01 19:19:00,228.0,74.93997598078077
2014-01-01 19:20:00,228.0,74.93997598078077
2014-01-01 19:21:00,228.0,74.93997598078077
2014-01-01 19:22:00,228.0,74.93997598078077
2014-01-01 19:23:00,228.0,74.93997598078077
2014-01-01 19:24:00,228.0,74.93997598078077
2014-01-01 19:25:00,228.0,74.93997598078077
2014-01-01 19:26:00,228.0,74.93997598078077
2014-01-01 19:27:00,228.0,74.93997598078077
2014-01-01 19:28:00,228.0,74.93997598078077
2014-01-01 19:29:00,228.0,74.93997598078077
2014-01-01 19:30:00,228.0,74.93997598078077
2014-01-01 19:31:00,228.0,74.93997598078077
2014-01-01 19:32:00,228.0,74.93997598078077
2014-01-01 19:33:00,47.5,15.612494995995995
2014-01-01 19:34:00,47.5,15.612494995995995
2014-01-01 19:35:00,47.5,15.612494995995995
2014-01-01 19:36:00,47.5,15.612494995995995
2014-01-01 19:37:00,47.5,15.612494995995995
2014-01-01 19:38:00,47.5,15.612494995995995
2014-01-01 19:39:00,47.5,15.612494995995995
2014-01-01 19:40:00,47.5,15.612494995995995
2014-01-01 19:41:00,47.5,15.612494995995995
2014-01-01 19:42:00,47.5,15.612494995995995
2014-01-01 19:43:00,47.5,15.612494995995995
2014-01-01 19:44:00,47.5,15.612494995995995
2014-01-01 19:45:00,47.5,15.612494995995995
2014-01-01 19:46:00,47.5,15.612494995995995
2014-01-01 19:47:00,47.5,15.612494995995995
2014-01-01 19:48:00,47.5,15.612494995995995
2014-01-01 19:49:00,47.5,15.612494995995995
2014-01-01 19:50:00,47.5,15.612494995995995
2014-01-01 19:51:00,47.5,15.612494995995995
2014-01-01 19:52:00,47.5,15.612494995995995
2014-01-01 19:53:00,47.5,15.612494995995995
2014-01-01 19:54:00,47.5,15.612494995995995
2014-01-01 19:55:00,47.5,15.612494995995995
2014-01-01 19:56:00,47.5,15.612494995995995
2014-01-01 19:57:00,47.5,15.612494995995995
2014-01-01 19:58:00,47.5,15.612494995995995
2014-01-01 19:59:00,47.5,15.612494995995995
2014-01-01 20:00:00,47.5,15.612494995995995
2014-01-01 20:01:00,47.5,15.612494995995995
2014-01-01 20:02:00,47.5,15.612494995995995
2014-01-01 20:03:00,47.5,15.612494995995995
2014-01-01 20:04:00,47.5,15.612494995995995
2014-01-01 20:05:00,47.5,15.612494995995995
2014-01-01 20:06:00,47.5,15.612494995995995
2014-01-01 20:07:00,47.5,15.612494995995995
2014-01-01 20:08:00,47.5,15.612494995995995
2014-01-01 20:09:00,47.5,15.612494995995995
2014-01-01 20:10:00,47.5,15.612494995995995
2014-01-01 20:11:00,47.5,15.612494995995995
2014-01-01 20:12:00,47.5,15.612494995995995
2014-01-01 20:13:00,47.5,15.612494995995995
2014-01-01 20:14:00,47.5,15.612494995995995
2014-01-01 20:15:00,47.5,15.612494995995995
2014-01-01 20:16:00,47.5,15.612494995995995
2014-01-01 20:17:00,47.5,15.612494995995995
2014-01-01 20:18:00,47.5,15.612494995995995
2014-01-01 20:19:00,47.5,15.612494995995995
2014-01-01 20:20:00,47.5,15.612494995995995
2014-01-01 20:21:00,47.5,15.612494995995995
2014-01-01 20:22:00,47.5,15.612494995995995
2014-01-01 20:23:00,47.5,15.612494995995995
2014-01-01 20:24:00,47.5,15.612494995995995
2014-01-01 20:25:00,47.5,15.612494995995995
2014-01-01 20:26:00,47.5,15.612494995995995
2014-01-01 20:27:00,47.5,15.612494995995995
2014-01-01 20:28:00,47.5,15.612494995995995
2014-01-01 20:29:00,47.5,15.612494995995995
2014-01-01 20:30:00,47.5,15.612494995995995
2014-01-01 20:31:00,47.5,15.612494995995995
2014-01-01 20:32:00,47.5,15.612494995995995
2014-01-01 20:33:00,47.5,15.612494995995995
2014-01-01 20:34:00,47.5,15.612494995995995
2014-01-01 20:35:00,47.5,15.612494995995995
2014-01-01 20:36:00,47.5,15.612494995995995
2014-01-01 20:37:00,47.5,15.612494995995995
2014-01-01 20:38:00,47.5,15.612494995995995
2014-01-01 20:39:00,47.5,15.612494995995995
2014-01-01 20:40:00,47.5,15.612494995995995
2014-01-01 20:41:00,47.5,15.612494995995995
2014-01-01 20:42:00,47.5,15.612494995995995
2014-01-01 20:43:00,47.5,15.612494995995995
2014-01-01 20:44:00,47.5,15.612494995995995
2014-01-01 20:45:00,47.5,15.612494995995995
2014-01-01 20:46:00,47.5,15.612494995995995
2014-01-01 20:47:00,47.5,15.612494995995995
2014-01-01 20:48:00,228.0,74.93997598078077
2014-01-01 20:49:00,228.0,74.93997598078077
2014-01-01 20:50:00,281.2,92.42597037629636
2014-01-01 20:51:00,281.2,92.42597037629636
2014-01-01 20:52:00,281.2,92.42597037629636
2014-01-01 20:53:00,281.2,92.42597037629636
2014-01-01 20:54:00,281.2,92.42597037629636
2014-01-01 20:55:00,281.2,92.42597037629636
2014-01-01 20:56:00,281.2,92.42597037629636
2014-01-01 20:57:00,338.2,111.16096437149153
2014-01-01 20:58:00,338.2,111.16096437149153
2014-01-01 20:59:00,338.2,111.16096437149153
2014-01-01 21:00:00,452.2,148.6309523618819
2014-01-01 21:01:00,452.2,148.6309523618819
2014-01-01 21:02:00,452.2,148.6309523618819
2014-01-01 21:03:00,452.2,148.6309523618819
2014-01-01 21:04:00,573.8,188.5989395516318
2014-01-01 21:05:00,516.8,169.86394555643662
2014-01-01 21:06:00,516.8,169.86394555643662
2014-01-01 21:07:00,516.8,169.86394555643662
2014-01-01 21:08:00,554.8,182.35394155323345
2014-01-01 21:09:00,554.8,182.35394155323345
2014-01-01 21:10:00,374.29999999999995,123.0264605684486
2014-01-01 21:11:00,374.29999999999995,123.0264605684486
2014-01-01 21:12:00,317.3,104.29146657325322
2014-01-01 21:13:00,317.3,104.29146657325322
2014-01-01 21:14:00,317.3,104.29146657325322
2014-01-01 21:15:00,317.3,104.29146657325322
2014-01-01 21:16:00,317.3,104.29146657325322
2014-01-01 21:17:00,317.3,104.29146657325322
2014-01-01 21:18:00,317.3,104.29146657325322
2014-01-01 21:19:00,317.3,104.29146657325322
2014-01-01 21:20:00,317.3,104.29146657325322
2014-01-01 21:21:00,336.3,110.53646457165163
2014-01-01 21:22:00,336.3,110.53646457165163
2014-01-01 21:23:00,336.3,110.53646457165163
2014-01-01 21:24:00,336.3,110.53646457165163
2014-01-01 21:25:00,336.3,110.53646457165163
2014-01-01 21:26:00,336.3,110.53646457165163
2014-01-01 21:27:00,336.3,110.53646457165163
2014-01-01 21:28:00,336.3,110.53646457165163
2014-01-01 21:29:00,336.3,110.53646457165163
2014-01-01 21:30:00,336.3,110.53646457165163
2014-01-01 21:31:00,336.3,110.53646457165163
2014-01-01 21:32:00,336.3,110.53646457165163
2014-01-01 21:33:00,336.3,110.53646457165163
2014-01-01 21:34:00,336.3,110.53646457165163
2014-01-01 21:35:00,336.3,110.53646457165163
2014-01-01 21:36:00,336.3,110.53646457165163
2014-01-01 21:37:00,336.3,110.53646457165163
2014-01-01 21:38:00,304.0,99.91996797437437
2014-01-01 21:39:00,304.0,99.91996797437437
2014-01-01 21:40:00,304.0,99.91996797437437
2014-01-01 21:41:00,304.0,99.91996797437437
2014-01-01 21:42:00,304.0,99.91996797437437
2014-01-01 21:43:00,336.3,110.53646457165163
2014-01-01 21:44:00,336.3,110.53646457165163
2014-01-01 21:45:00,336.3,110.53646457165163
2014-01-01 21:46:00,380.95,125.21220986788789
2014-01-01 21:47:00,475.95,156.43719985987988
2014-01-01 21:48:00,380.95,125.21220986788789
2014-01-01 21:49:00,259.34999999999997,85.24422267813821
2014-01-01 21:50:00,202.35,66.50922868294295
2014-01-01 21:51:00,202.35,66.50922868294295
2014-01-01 21:52:00,193.79999999999998,63.6989795836637
2014-01-01 21:53:00,193.79999999999998,63.6989795836637
2014-01-01 21:54:00,193.79999999999998,63.6989795836637
2014-01-01 21:55:00,193.79999999999998,63.6989795836637
2014-01-01 21:56:00,193.79999999999998,63.6989795836637
2014-01-01 21:57:00,227.04999999999998,74.62772608086091
2014-01-01 21:58:00,502.54999999999995,165.1801970576378
2014-01-01 21:59:00,502.54999999999995,165.1801970576378
2014-01-01 22:00:00,469.29999999999995,154.25145056044056
2014-01-01 22:01:00,469.29999999999995,154.25145056044056
2014-01-01 22:02:00,469.29999999999995,154.25145056044056
2014-01-01 22:03:00,469.29999999999995,154.25145056044056
2014-01-01 22:04:00,469.29999999999995,154.25145056044056
2014-01-01 22:05:00,469.29999999999995,154.25145056044056
2014-01-01 22:06:00,469.29999999999995,154.25145056044056
2014-01-01 22:07:00,469.29999999999995,154.25145056044056
2014-01-01 22:08:00,469.29999999999995,154.25145056044056
2014-01-01 22:09:00,480.7,157.9984493594795
2014-01-01 22:10:00,480.7,157.9984493594795
2014-01-01 22:11:00,480.7,157.9984493594795
2014-01-01 22:12:00,480.7,157.9984493594795
2014-01-01 22:13:00,480.7,157.9984493594795
2014-01-01 22:14:00,602.3,197.96643654922943
2014-01-01 22:15:00,602.3,197.96643654922943
2014-01-01 22:16:00,602.3,197.96643654922943
2014-01-01 22:17:00,602.3,197.96643654922943
2014-01-01 22:18:00,602.3,197.96643654922943
2014-01-01 22:19:00,659.3,216.70143054442457
2014-01-01 22:20:00,478.79999999999995,157.3739495596398
2014-01-01 22:21:00,516.8,169.86394555643662
2014-01-01 22:22:00,516.8,169.86394555643662
2014-01-01 22:23:00,516.8,169.86394555643662
2014-01-01 22:24:00,516.8,169.86394555643662
2014-01-01 22:25:00,516.8,169.86394555643662
2014-01-01 22:26:00,516.8,169.86394555643662
2014-01-01 22:27:00,516.8,169.86394555643662
2014-01-01 22:28:00,516.8,169.86394555643662
2014-01-01 22:29:00,516.8,169.86394555643662
2014-01-01 22:30:00,516.8,169.86394555643662
2014-01-01 22:31:00,611.8,201.0889355484286
2014-01-01 22:32:00,611.8,201.0889355484286
2014-01-01 22:33:00,611.8,201.0889355484286
2014-01-01 22:34:00,611.8,201.0889355484286
2014-01-01 22:35:00,611.8,201.0889355484286
2014-01-01 22:36:00,611.8,201.0889355484286
2014-01-01 22:37:00,611.8,201.0889355484286
2014-01-01 22:38:00,611.8,201.0889355484286
2014-01-01 22:39:00,611.8,201.0889355484286
2014-01-01 22:40:00,611.8,201.0889355484286
2014-01-01 22:41:00,611.8,201.0889355484286
2014-01-01 22:42:00,611.8,201.0889355484286
2014-01-01 22:43:00,516.8,169.86394555643662
2014-01-01 22:44:00,516.8,169.86394555643662
2014-01-01 22:45:00,516.8,169.86394555643662
2014-01-01 22:46:00,516.8,169.86394555643662
2014-01-01 22:47:00,516.8,169.86394555643662
2014-01-01 22:48:00,516.8,169.86394555643662
2014-01-01 22:49:00,516.8,169.86394555643662
2014-01-01 22:50:00,516.8,169.86394555643662
2014-01-01 22:51:00,516.8,169.86394555643662
2014-01-01 22:52:00,516.8,169.86394555643662
2014-01-01 22:53:00,516.8,169.86394555643662
2014-01-01 22:54:00,434.15,142.69820426340348
2014-01-01 22:55:00,491.15,161.43319825859865
2014-01-01 22:56:00,491.15,161.43319825859865
2014-01-01 22:57:00,491.15,161.43319825859865
2014-01-01 22:58:00,491.15,161.43319825859865
2014-01-01 22:59:00,491.15,161.43319825859865
2014-01-01 23:00:00,491.15,161.43319825859865
2014-01-01 23:01:00,548.15,180.16819225379382
2014-01-01 23:02:00,491.15,161.43319825859865
2014-01-01 23:03:00,491.15,161.43319825859865
2014-01-01 23:04:00,491.15,161.43319825859865
2014-01-01 23:05:00,491.15,161.43319825859865
2014-01-01 23:06:00,491.15,161.43319825859865
2014-01-01 23:07:00,542.4499999999999,178.29469285427442
2014-01-01 23:08:00,542.4499999999999,178.29469285427442
2014-01-01 23:09:00,485.45,159.55969885907913
2014-01-01 23:10:00,485.45,159.55969885907913
2014-01-01 23:11:00,474.04999999999995,155.81270006004013
2014-01-01 23:12:00,474.04999999999995,155.81270006004013
2014-01-01 23:13:00,474.04999999999995,155.81270006004013
2014-01-01 23:14:00,474.04999999999995,155.81270006004013
2014-01-01 23:15:00,474.04999999999995,155.81270006004013
2014-01-01 23:16:00,595.65,195.78068724978982
2014-01-01 23:17:00,595.65,195.78068724978982
2014-01-01 23:18:00,595.65,195.78068724978982
2014-01-01 23:19:00,595.65,195.78068724978982
2014-01-01 23:20:00,47.5,15.612494995995995
2014-01-01 23:21:00,47.5,15.612494995995995
2014-01-01 23:22:00,47.5,15.612494995995995
2014-01-01 23:23:00,47.5,15.612494995995995
2014-01-01 23:24:00,47.5,15.612494995995995
2014-01-01 23:25:00,47.5,15.612494995995995
2014-01-01 23:26:00,47.5,15.612494995995995
2014-01-01 23:27:00,47.5,15.612494995995995
2014-01-01 23:28:00,47.5,15.612494995995995
2014-01-01 23:29:00,47.5,15.612494995995995
2014-01-01 23:30:00,47.5,15.612494995995995
2014-01-01 23:31:00,47.5,15.612494995995995
2014-01-01 23:32:00,47.5,15.612494995995995
2014-01-01 23:33:00,47.5,15.612494995995995
2014-01-01 23:34:00,47.5,15.612494995995995
2014-01-01 23:35:00,47.5,15.612494995995995
2014-01-01 23:36:00,47.5,15.612494995995995
2014-01-01 23:37:00,47.5,15.612494995995995
2014-01-01 23:38:00,47.5,15.612494995995995
2014-01-01 23:39:00,47.5,15.612494995995995
2014-01-01 23:40:00,47.5,15.612494995995995
2014-01-01 23:41:00,47.5,15.612494995995995
2014-01-01 23:42:00,47.5,15.612494995995995
2014-01-01 23:43:00,47.5,15.612494995995995
2014-01-01 23:44:00,47.5,15.612494995995995
2014-01-01 23:45:00,47.5,15.612494995995995
2014-01-01 23:46:00,47.5,15.612494995995995
2014-01-01 23:47:00,47.5,15.612494995995995
2014-01-01 23:48:00,47.5,15.612494995995995
2014-01-01 23:49:00,47.5,15.612494995995995
2014-01-01 23:50:00,47.5,15.612494995995995
2014-01-01 23:51:00,47.5,15.612494995995995
2014-01-01 23:52:00,47.5,15.612494995995995
2014-01-01 23:53:00,47.5,15.612494995995995
2014-01-01 23:54:00,47.5,15.612494995995995
2014-01-01 23:55:00,47.5,15.612494995995995
2014-01-01 23:56:00,47.5,15.612494995995995
2014-01-01 23:57:00,47.5,15.612494995995995
2014-01-01 23:58:00,47.5,15.612494995995995
2014-01-01 23:59:00,47.5,15.612494995995995
